Item,x,y,z,R,e
Origin1,114.88387,71.74695,1.6114,,
Xalign,151.0193,71.87966,1.611,,
NewOrigin,0.0,-12.0,0.0,,
H06newcoords,-36.14104,12.02907,0.03272,1.65084,0.1729
