Item,x,y,z,R,e
H04R,16.02739,-16.25841,0.1385,1.51036,0.03915
H01R,16.11528,15.97132,0.02148,1.50985,0.02578
H02R,-15.9345,16.0406,0.07686,1.50209,0.0193
H03_-x-y,-15.8222,-15.93624,0.2091,1.41708,0.02727
H03R_xy,-15.85322,-15.97377,0.2091,1.46169,0.03204
H03R_-x-y,-16.36972,-16.31787,0.2091,1.51262,0.00346
H06,-17.78486,-24.4534,0.04089,1.64733,0.18527
H09,54.4858,-23.25381,0.04089,1.52553,0.0968
Midpoint-72,18.35047,-23.85361,0.04089,,
Point-127,114.03116,74.98589,1.65229,,
Point-128,150.16359,75.74062,1.65229,,
